SALE TYPE,SOLD DATE,PROPERTY TYPE,ADDRESS,CITY,STATE OR PROVINCE,ZIP OR POSTAL CODE,PRICE,BEDS,BATHS,LOCATION,SQUARE FEET,LOT SIZE,YEAR BUILT,DAYS ON MARKET,$/SQUARE FEET,HOA/MONTH,STATUS,NEXT OPEN HOUSE START TIME,NEXT OPEN HOUSE END TIME,URL (SEE http://www.redfin.com/buy-a-home/comparative-market-analysis FOR INFO ON PRICING),SOURCE,MLS#,FAVORITE,INTERESTED,LATITUDE,LONGITUDE
MLS Listing,,Single Family Residential,22652 Spring Lake Ln,Lake Forest,CA,92630,720000,3,2.0,LS - Lake Forest South,1339,3000,1973,15,538,235,Active,,,http://www.redfin.com/CA/Lake-Forest/22652-Spring-Lake-Ln-92630/home/4837127,CRMLS,OC20094637,N,Y,33.6341309,-117.706232
MLS Listing,,Single Family Residential,21102 Cantebury Ln,Lake Forest,CA,92630,989900,4,3.0,LN - Lake Forest North,2814,6000,1989,26,352,112,Active,,,http://www.redfin.com/CA/Lake-Forest/21102-Cantebury-Ln-92630/home/4817936,CRMLS,OC20079613,N,Y,33.6559269,-117.6616125
MLS Listing,,Single Family Residential,24185 Okeechobee Ln,Lake Forest,CA,92630,784900,4,2.5,LS - Lake Forest South,1850,3300,1976,36,424,306,Active,,,http://www.redfin.com/CA/Lake-Forest/24185-Okeechobee-Ln-92630/home/4822243,CRMLS,OC20078049,N,Y,33.6470433,-117.7088152
MLS Listing,,Condo/Co-op,20991 Calistoga #58,Lake Forest,CA,92630,434999,2,1.25,LN - Lake Forest North,933,,1987,47,466,363,Active,,,http://www.redfin.com/CA/Lake-Forest/20991-Calistoga-92630/unit-58/home/5740853,CRMLS,OC20072925,N,Y,33.6579664,-117.684823
MLS Listing,,Condo/Co-op,26401 Kilkarney #13,Lake Forest,CA,92630,508000,3,2.0,LN - Lake Forest North,1208,,1986,67,421,363,Active,,,http://www.redfin.com/CA/Lake-Forest/26401-Kilkarney-92630/unit-13/home/5673599,CRMLS,OC20063650,N,Y,33.6586186,-117.6695345
MLS Listing,,Single Family Residential,228 Pinnacle Dr,Lake Forest,CA,92630,1388888,5,4.0,FH - Foothill Ranch,3162,3619,2018,1,439,211,Active,,,http://www.redfin.com/CA/Lake-Forest/228-Pinnacle-Dr-92630/home/143912599,CRMLS,OC20105612,N,Y,33.6679037,-117.6542153
MLS Listing,,Condo/Co-op,23304 Orange Ave #5,Lake Forest,CA,92630,350000,2,2.0,LS - Lake Forest South,1012,1500,1980,1,346,346,Active,,,http://www.redfin.com/CA/Lake-Forest/23304-Orange-Ave-92630/unit-5/home/5597118,CRMLS,OC20105110,N,Y,33.6231132,-117.6918378
MLS Listing,,Single Family Residential,18 Santa Maria,Lake Forest,CA,92610,1215000,5,3.5,FH - Foothill Ranch,3200,5550,1994,1,380,84,Active,,,http://www.redfin.com/CA/Foothill-Ranch/18-Santa-Maria-92610/home/4798372,CRMLS,OC20101616,N,Y,33.6873174,-117.6603749
MLS Listing,,Single Family Residential,21 Sorrel,Lake Forest,CA,92630,2580000,5,5.5,BK - Baker Ranch,4045,5912,2016,1,638,164,Active,,,http://www.redfin.com/CA/Lake-Forest/21-Sorrel-92630/home/112722475,CRMLS,OC20103605,N,Y,33.6721938,-117.6765536
MLS Listing,,Townhouse,19601 Orviento Dr,Lake Forest,CA,92679,479999,2,2.0,PH - Portola Hills,1085,200,1997,1,442,200,Active,,,http://www.redfin.com/CA/Portola-Hills/19601-Orviento-Dr-92679/home/5343692,CRMLS,OC20104431,N,Y,33.6763814,-117.6333777
MLS Listing,,Single Family Residential,19 Heron,Lake Forest,CA,92630,1227000,5,4.0,BK - Baker Ranch,2717,3375,2016,1,452,158,Active,,,http://www.redfin.com/CA/Lake-Forest/19-Heron-92630/home/112725583,CRMLS,CV20103520,N,Y,33.6741491,-117.6793034
MLS Listing,,Single Family Residential,26151 Roscommon Ct,Lake Forest,CA,92630,769900,3,2.5,LN - Lake Forest North,1594,4000,1985,1,483,67,Active,,,http://www.redfin.com/CA/Lake-Forest/26151-Roscommon-Ct-92630/home/4817082,CRMLS,OC20104154,N,Y,33.6525146,-117.6747204
MLS Listing,,Single Family Residential,26985 Brighton Ln,Lake Forest,CA,92630,945000,4,3.0,LN - Lake Forest North,2655,6000,1987,2,356,112,Active,,,http://www.redfin.com/CA/Lake-Forest/26985-Brighton-Ln-92630/home/4818067,CRMLS,OC20104081,N,Y,33.6594509,-117.6592978
MLS Listing,,Townhouse,28951 Canyon Oak Dr,Lake Forest,CA,92679,449900,2,1.25,PH - Portola Hills,833,200,1986,2,540,368,Active,,,http://www.redfin.com/CA/Trabuco-Canyon/28951-Canyon-Oak-Dr-92679/unit-8/home/5675426,CRMLS,OC20103900,N,Y,33.6868893,-117.6254593
MLS Listing,,Single Family Residential,29051 Modjeska Peak Ln,Lake Forest,CA,92679,899000,5,3.0,PH - Portola Hills,2500,9350,1986,2,360,144,Active,,,http://www.redfin.com/CA/Trabuco-Canyon/29051-Modjeska-Peak-Ln-92679/home/4804117,CRMLS,OC20101518,N,Y,33.680827,-117.6241626
MLS Listing,,Condo/Co-op,38 Mission Ct,Lake Forest,CA,92610,605000,3,2.5,FH - Foothill Ranch,1371,1000,1995,2,441,311,Active,,,http://www.redfin.com/CA/Foothill-Ranch/38-Mission-Ct-92610/home/5248781,CRMLS,OC20099816,N,Y,33.6856537,-117.6735522
MLS Listing,,Single Family Residential,60 La Perla,Lake Forest,CA,92610,1025000,5,3.0,FH - Foothill Ranch,2684,5858,1993,3,382,84,Active,,,http://www.redfin.com/CA/Foothill-Ranch/60-La-Perla-92610/home/4798199,CRMLS,OC20068859,N,Y,33.6900118,-117.6602374
MLS Listing,,Condo/Co-op,20702 El Toro Rd #33,Lake Forest,CA,92630,274900,1,1.0,LN - Lake Forest North,700,,1980,3,393,357,Active,,,http://www.redfin.com/CA/Lake-Forest/20702-El-Toro-Rd-92630/unit-33/home/5654313,CRMLS,PW20103694,N,Y,33.6594547,-117.6500126
MLS Listing,,Single Family Residential,23812 Boeing Ln,Lake Forest,CA,92630,760000,4,2.5,LS - Lake Forest South,1867,6240,1971,3,407,,Active,,,http://www.redfin.com/CA/Lake-Forest/23812-Boeing-Ln-92630/home/4835839,CRMLS,OC20103507,N,Y,33.6279923,-117.7145429
MLS Listing,,Single Family Residential,22572 Claude Cir,Lake Forest,CA,92630,660000,3,2.0,LS - Lake Forest South,1471,5000,1972,4,449,71,Active,,,http://www.redfin.com/CA/Lake-Forest/22572-Claude-Cir-92630/home/4823605,CRMLS,IV20102672,N,Y,33.6351349,-117.6842071
MLS Listing,,Townhouse,57 Anacapa Ct #136,Lake Forest,CA,92610,595000,2,2.5,FH - Foothill Ranch,1222,100,1994,4,487,267,Active,,,http://www.redfin.com/CA/Foothill-Ranch/57-Anacapa-Ct-92610/unit-136/home/5248459,CRMLS,OC20103116,N,Y,33.6863344,-117.6746619
MLS Listing,,Condo/Co-op,24566 Copper Cliff Ct #34,Lake Forest,CA,92630,489900,2,1.5,LS - Lake Forest South,1190,,1976,4,412,426,Active,,,http://www.redfin.com/CA/Lake-Forest/24566-Copper-Cliff-Ct-92630/unit-34/home/5461917,CRMLS,PW20102653,N,Y,33.6486453,-117.7031943
MLS Listing,,Mobile/Manufactured Home,24001 Muirlands Blvd #126,Lake Forest,CA,92630,122000,2,2.0,LS - Lake Forest South,1440,,1973,4,85,,Active,,,http://www.redfin.com/CA/Lake-Forest/24001-Muirlands-Blvd-92630/unit-126/home/171938094,CRMLS,OC20102593,N,Y,33.6385352,-117.7103526
MLS Listing,,Mobile/Manufactured Home,24921 Muirlands Blvd #145,Lake Forest,CA,92630,110000,2,2.0,LS - Lake Forest South,1248,,1972,5,88,,Active,,,http://www.redfin.com/CA/Lake-Forest/24921-Muirlands-Blvd-92630/unit-145/home/35644267,CRMLS,OC20102126,N,Y,33.6185443,-117.6937004
MLS Listing,,Townhouse,166 Alder Rdg,Lake Forest,CA,92610,737948,3,3.5,PH - Portola Hills,2073,,2020,5,356,428,Active,,,http://www.redfin.com/CA/Lake-Forest/166-Alder-RDG-92610/home/171687643,CRMLS,OC20101743,N,Y,33.66988,-117.634504
MLS Listing,,Condo/Co-op,21512 Firwood,Lake Forest,CA,92630,539900,2,2.5,LN - Lake Forest North,1300,2000,1983,5,415,366,Active,,,http://www.redfin.com/CA/Lake-Forest/21512-Firwood-92630/home/5743403,CRMLS,OC20100804,N,Y,33.6506878,-117.6895756
MLS Listing,,Townhouse,22908 Crol Ln,Lake Forest,CA,92630,379900,2,1.5,LS - Lake Forest South,1180,1615,1972,6,322,305,Active,,,http://www.redfin.com/CA/Lake-Forest/22908-Crol-Ln-92630/home/4819606,CRMLS,LG20101533,N,Y,33.6304571,-117.6894517
MLS Listing,,Single Family Residential,14 Honeysuckle,Lake Forest,CA,92630,1125000,4,4.0,BK - Baker Ranch,2432,3655,2014,6,463,165,Active,,,http://www.redfin.com/CA/Lake-Forest/14-Honeysuckle-92630/home/58554366,CRMLS,OC20060255,N,Y,33.6692461,-117.6785702
MLS Listing,,Single Family Residential,2054 Aliso Canyon Dr,Lake Forest,CA,92610,1550000,5,4.5,699 - Not Defined,3349,3974,2017,6,463,249,Active,,,http://www.redfin.com/CA/Lake-Forest/2054-Aliso-Canyon-Dr-92610/home/169604970,CRMLS,OC20100521,N,Y,33.6685416,-117.6331983
MLS Listing,,Single Family Residential,2048 2048 Aliso Canyon Dr,Lake Forest,CA,92610,1500000,4,4.5,699 - Not Defined,2890,3910,2017,6,519,249,Active,,,http://www.redfin.com/CA/Lake-Forest/2048-Aliso-Canyon-Dr-92610/home/169605131,CRMLS,OC20100744,N,Y,33.6685416,-117.6331983
MLS Listing,,Single Family Residential,24172 Mccoy Rd,Lake Forest,CA,92630,749000,3,2.5,LS - Lake Forest South,1800,6221,1972,6,416,106,Active,,,http://www.redfin.com/CA/Lake-Forest/24172-McCoy-Rd-92630/home/4835692,CRMLS,PI20100859,N,Y,33.6235995,-117.7077842
MLS Listing,,Condo/Co-op,20702 El Toro Rd #343,Lake Forest,CA,92630,314999,1,1.0,LN - Lake Forest North,560,,1983,7,562,343,Active,,,http://www.redfin.com/CA/Lake-Forest/20702-El-Toro-Rd-92630/unit-343/home/5655167,CRMLS,OC20099859,N,Y,33.6608964,-117.6454446
MLS Listing,,Single Family Residential,22571 Claude Cir,Lake Forest,CA,92630,715000,3,2.0,LS - Lake Forest South,1471,5000,1972,7,486,71,Active,,,http://www.redfin.com/CA/Lake-Forest/22571-Claude-Cir-92630/home/4823594,CRMLS,OC20074932,N,Y,33.6354607,-117.6845279
MLS Listing,,Condo/Co-op,25 Anacapa Ct,Lake Forest,CA,92610,515000,2,2.5,FH - Foothill Ranch,1093,,1995,7,471,311,Active,,,http://www.redfin.com/CA/Foothill-Ranch/25-Anacapa-Ct-92610/home/5248324,CRMLS,OC20099973,N,Y,33.6866242,-117.6759333
MLS Listing,,Mobile/Manufactured Home,24701 RAYMOND Way #83,Lake Forest,CA,92630,155000,2,2.0,LS - Lake Forest South,1560,,1977,8,99,,Active,,,http://www.redfin.com/CA/Lake-Forest/24701-Raymond-Way-92630/unit-83/home/171851743,CRMLS,PW20099411,N,Y,33.61783,-117.699274
MLS Listing,,Mobile/Manufactured Home,24921 Muirlands Blvd #103,Lake Forest,CA,92630,180000,2,2.0,LS - Lake Forest South,,,1974,9,,,Active,,,http://www.redfin.com/CA/Lake-Forest/24921-Muirlands-Blvd-92630/unit-103/home/5141148,CRMLS,OC20099406,N,Y,33.6214337,-117.6929295
MLS Listing,,Single Family Residential,115 Mesa Verde Ln,Lake Forest,CA,92630,1279990,4,4.5,BK - Baker Ranch,3313,4731,2018,9,386,211,Active,,,http://www.redfin.com/CA/Lake-Forest/115-Mesa-Verde-Ln-92630/home/143912634,CRMLS,TR20097300,N,Y,33.6659162,-117.6523428
MLS Listing,,Single Family Residential,10 Marseille Way,Lake Forest,CA,92610,949000,4,2.5,FH - Foothill Ranch,2478,4524,1996,9,383,84,Active,,,http://www.redfin.com/CA/Foothill-Ranch/10-Marseille-Way-92610/home/4800320,CRMLS,OC20098431,N,Y,33.6838927,-117.6533622
MLS Listing,,Condo/Co-op,18902 Canyon Smt,Lake Forest,CA,92679,435000,2,2.0,PH - Portola Hills,1002,,1989,10,434,368,Active,,,http://www.redfin.com/CA/Trabuco-Canyon/18902-Canyon-Smt-92679/home/5677427,CRMLS,OC20094450,N,Y,33.686924,-117.626862
MLS Listing,,Townhouse,19431 Rue De Valore Unit 17A,Lake Forest,CA,92610,699000,3,3.0,FH - Foothill Ranch,1564,,1990,11,447,433,Active,,,http://www.redfin.com/CA/Foothill-Ranch/19431-Rue-De-Valore-92610/unit-17A/home/7212458,CRMLS,OC20080520,N,Y,33.680392,-117.6536731
MLS Listing,,Single Family Residential,28845 Woodspring Cir,Lake Forest,CA,92679,679900,3,3.0,PH - Portola Hills,1620,5700,1988,11,420,144,Active,,,http://www.redfin.com/CA/Trabuco-Canyon/28845-Woodspring-Cir-92679/home/4803325,CRMLS,OC20085463,N,Y,33.684714,-117.6275917
MLS Listing,,Condo/Co-op,70 Wild Rose,Lake Forest,CA,92630,755000,3,2.5,Lake Forest North,1804,,2015,11,419,339,Active,,,http://www.redfin.com/CA/Lake-Forest/70-Wild-Rose-92610/home/112727782,VCRDS,220005165,N,Y,33.6702839,-117.6754722
MLS Listing,,Mobile/Manufactured Home,24001 MUIRLANDS Blvd #344,Lake Forest,CA,92630,106900,2,2.0,LS - Lake Forest South,1536,,1974,11,70,,Active,,,http://www.redfin.com/CA/Lake-Forest/24001-Muirlands-Blvd-92630/unit-344/home/171827329,CRMLS,OC20092065,N,Y,33.6385352,-117.7103526
MLS Listing,,Single Family Residential,21031 Champlain,Lake Forest,CA,92630,715000,2,2.0,LN - Lake Forest North,1504,3850,1986,11,475,216,Active,,,http://www.redfin.com/CA/Lake-Forest/21031-Champlain-92630/home/4809796,CRMLS,PW20097280,N,Y,33.657749,-117.6879191
MLS Listing,,Single Family Residential,22271 Chestnut Ln,Lake Forest,CA,92630,795000,3,2.5,LS - Lake Forest South,2130,5805,1975,12,373,99,Active,,,http://www.redfin.com/CA/Lake-Forest/22271-Chestnut-Ln-92630/home/4824531,CRMLS,PW20093569,N,Y,33.6397966,-117.6854445
MLS Listing,,Single Family Residential,23201 Dune Mear Rd,Lake Forest,CA,92630,739500,3,2.0,LS - Lake Forest South,1734,7360,1973,12,426,,Active,,,http://www.redfin.com/CA/Lake-Forest/23201-Dune-Mear-Rd-92630/home/4836830,CRMLS,PW20096633,N,Y,33.6256091,-117.7024
MLS Listing,,Condo/Co-op,301 Limestone,Lake Forest,CA,92610,655456,3,2.5,PH - Portola Hills,1401,,2020,12,468,411,Active,,,http://www.redfin.com/CA/Foothill-Ranch/301-Limestone-92610/home/169899928,CRMLS,OC20097464,N,Y,33.673918,-117.642293
MLS Listing,,Condo/Co-op,204 Mountain Sage,Lake Forest,CA,92610,674057,3,3.0,PH - Portola Hills,1693,,2019,12,398,411,Active,,,http://www.redfin.com/CA/Foothill-Ranch/204-Mountain-Sage-92610/home/170125197,CRMLS,OC20097316,N,Y,33.673918,-117.642293
MLS Listing,,Condo/Co-op,23248 Orange Ave #4,Lake Forest,CA,92630,365000,2,1.0,LS - Lake Forest South,928,,1980,12,393,308,Active,,,http://www.redfin.com/CA/Lake-Forest/23248-Orange-Ave-92630/unit-4/home/5595921,CRMLS,IV20097172,N,Y,33.6231132,-117.6918378
MLS Listing,,Single Family Residential,1581 Viejo Ridge Dr,Lake Forest,CA,92610,1304584,5,5.25,PH - Portola Hills,3272,5420,2020,13,399,179,Active,,,http://www.redfin.com/CA/Lake-Forest/1581-Viejo-Ridge-DR-92610/home/171805848,CRMLS,OC20094860,N,Y,33.6917217,-117.6610854
MLS Listing,,Single Family Residential,19195 Echo Pass Rd,Lake Forest,CA,92679,749999,4,2.5,PH - Portola Hills,1776,5500,1987,13,422,144,Active,,,http://www.redfin.com/CA/Trabuco-Canyon/19195-Echo-Pass-Rd-92679/home/4804199,CRMLS,OC20096233,N,Y,33.6832331,-117.6303971
MLS Listing,,Townhouse,75 Santa Barbara Ct,Lake Forest,CA,92610,489900,2,2.5,FH - Foothill Ranch,1101,,1994,13,445,311,Active,,,http://www.redfin.com/CA/Foothill-Ranch/75-Santa-Barbara-Ct-92610/home/5247831,CRMLS,OC20094344,N,Y,33.686572,-117.6744885
MLS Listing,,Single Family Residential,19182 Sycamore Glen Dr,Lake Forest,CA,92679,679900,4,2.5,PH - Portola Hills,1488,5700,1985,13,457,144,Active,,,http://www.redfin.com/CA/Trabuco-Canyon/19182-Sycamore-Glen-Dr-92679/home/4803433,CRMLS,OC20091580,N,Y,33.683543,-117.6278138
MLS Listing,,Single Family Residential,19252 Sleeping Oak Dr,Lake Forest,CA,92679,928800,4,3.0,PH - Portola Hills,2606,7200,1988,14,356,144,Active,,,http://www.redfin.com/CA/Trabuco-Canyon/19252-Sleeping-Oak-Dr-92679/home/4804566,CRMLS,OC20095057,N,Y,33.6826561,-117.6244377
MLS Listing,,Condo/Co-op,20702 El Toro Rd #390,Lake Forest,CA,92630,315000,1,1.0,LN - Lake Forest North,686,,1983,14,459,358,Active,,,http://www.redfin.com/CA/Lake-Forest/20702-El-Toro-Rd-92630/unit-390/home/5655403,CRMLS,OC20095220,N,Y,33.6608964,-117.6454446
MLS Listing,,Townhouse,6 Mission Ct,Lake Forest,CA,92610,439000,2,1.75,FH - Foothill Ranch,1000,,1994,14,439,311,Active,,,http://www.redfin.com/CA/Foothill-Ranch/6-Mission-Ct-92610/home/5248848,CRMLS,OC20093282,N,Y,33.6860574,-117.6729501
MLS Listing,,Condo/Co-op,21151 River Gln,Lake Forest,CA,92630,510000,3,2.0,LN - Lake Forest North,1083,1083,1987,15,471,363,Active,,,http://www.redfin.com/CA/Lake-Forest/21151-River-Gln-92630/home/5380711,CRMLS,OC20094760,N,Y,33.6551108,-117.6673722
MLS Listing,,Single Family Residential,24592 Via Raza,Lake Forest,CA,92630,795000,4,2.5,LN - Lake Forest North,2105,5406,1976,15,378,120,Active,,,http://www.redfin.com/CA/Lake-Forest/24592-Via-Raza-92630/home/4825390,CRMLS,OC20094671,N,Y,33.6536611,-117.7018043
MLS Listing,,Single Family Residential,22222 Eucalyptus Ln,Lake Forest,CA,92630,1199000,5,4.0,LN - Lake Forest North,3793,9380,1984,15,316,142,Active,,,http://www.redfin.com/CA/Lake-Forest/22222-Eucalyptus-Ln-92630/home/4821116,CRMLS,OC20094066,N,Y,33.6402012,-117.6975197
MLS Listing,,Single Family Residential,24442 Peacock St,Lake Forest,CA,92630,819900,4,2.75,LS - Lake Forest South,2444,5200,1888,15,335,85,Active,,,http://www.redfin.com/CA/Lake-Forest/24442-Peacock-St-92630/home/4828587,CRMLS,OC20094356,N,Y,33.6416158,-117.7046683
MLS Listing,,Single Family Residential,41 Castellana,Lake Forest,CA,92630,1050000,4,3.0,BK - Baker Ranch,2507,3819,2017,15,419,212,Active,,,http://www.redfin.com/CA/Lake-Forest/41-Castellana-92630/home/143909754,CRMLS,AR20090153,N,Y,33.6750596,-117.6816193
MLS Listing,,Condo/Co-op,26333 Spring Creek Cir #31,Lake Forest,CA,92630,495000,2,2.5,LN - Lake Forest North,1274,,1984,16,389,450,Active,,,http://www.redfin.com/CA/Lake-Forest/26333-Spring-Creek-Cir-92630/unit-31/home/5615718,CRMLS,OC20094109,N,Y,33.6416525,-117.6721506
MLS Listing,,Single Family Residential,24932 Paseo Arboleda,Lake Forest,CA,92630,919900,4,3.0,LN - Lake Forest North,3123,7250,1981,17,295,105,Active,,,http://www.redfin.com/CA/Lake-Forest/24932-Paseo-Arboleda-92630/home/4808217,CRMLS,OC20093272,N,Y,33.6526169,-117.6947931
MLS Listing,,Mobile/Manufactured Home,24001 Muirlands Blvd #474,Lake Forest,CA,92630,149000,2,2.0,LS - Lake Forest South,1440,,1974,17,103,,Active,,,http://www.redfin.com/CA/Lake-Forest/24001-Muirlands-Blvd-92630/unit-474/home/5142026,CRMLS,OC20091583,N,Y,33.6369615,-117.7116636
MLS Listing,,Mobile/Manufactured Home,24921 Muirlands Blvd #154,Lake Forest,CA,92630,155500,2,2.0,LS - Lake Forest South,,,1974,17,,,Active,,,http://www.redfin.com/CA/Lake-Forest/24921-Muirlands-Blvd-92630/unit-154/home/5141172,CRMLS,OC20093630,N,Y,33.6214337,-117.6929295
MLS Listing,,Condo/Co-op,29028 Canyon Ridge Dr #126,Lake Forest,CA,92679,346888,1,1.0,PH - Portola Hills,766,,1986,17,453,327,Active,,,http://www.redfin.com/CA/Trabuco-Canyon/29028-Canyon-Ridge-Dr-92679/unit-126/home/5675037,CRMLS,PW20093519,N,Y,33.6868893,-117.6254593
MLS Listing,,Single Family Residential,25682 Nugget,Lake Forest,CA,92630,795000,4,2.5,LS - Lake Forest South,2330,5050,1975,18,341,102,Active,,,http://www.redfin.com/CA/Lake-Forest/25682-Nugget-92630/home/4823983,CRMLS,SW20092774,N,Y,33.638768,-117.6826948
MLS Listing,,Condo/Co-op,19000 Canyon Smt,Trabuco Canyon,CA,92679,449000,2,2.0,TC - Trabuco Canyon,849,2000,1989,18,529,368,Active,,,http://www.redfin.com/CA/Trabuco-Canyon/19000-Canyon-Smt-92679/home/5677686,CRMLS,PW20092093,N,Y,33.686924,-117.626862
MLS Listing,,Single Family Residential,38 Bonita Vis,Lake Forest,CA,92610,886000,3,2.5,FH - Foothill Ranch,2212,5200,1991,20,401,84,Active,,,http://www.redfin.com/CA/Foothill-Ranch/38-Bonita-Vis-92610/home/4797442,CRMLS,SW20091063,N,Y,33.6856946,-117.6654166
MLS Listing,,Single Family Residential,28381 Harvest View Ln,Lake Forest,CA,92679,1150000,5,4.0,PH - Portola Hills,3405,9000,1994,21,338,150,Active,,,http://www.redfin.com/CA/Trabuco-Canyon/28381-Harvest-View-Ln-92679/home/4804798,CRMLS,OC20090617,N,Y,33.6776996,-117.6354396
MLS Listing,,Single Family Residential,23031 Stearns Cir,Lake Forest,CA,92630,819900,5,3.0,LS - Lake Forest South,2490,7383,1968,21,329,107,Active,,,http://www.redfin.com/CA/Lake-Forest/23031-Stearns-Cir-92630/home/4818374,CRMLS,OC20090330,N,Y,33.6283772,-117.6945451
MLS Listing,,Single Family Residential,24025 Quail Way,Lake Forest,CA,92630,674995,3,2.0,LS - Lake Forest South,1301,6000,1978,21,519,110,Active,,,http://www.redfin.com/CA/Lake-Forest/24025-Quail-Way-92630/home/4837965,CRMLS,OC20090006,N,Y,33.6220055,-117.7107856
MLS Listing,,Single Family Residential,23951 Quail Way,Lake Forest,CA,92630,713495,4,2.0,LS - Lake Forest South,1457,5001,1978,22,490,110,Active,,,http://www.redfin.com/CA/Lake-Forest/23951-Quail-Way-92630/home/4838632,CRMLS,OC20089535,N,Y,33.6233707,-117.7119769
MLS Listing,,Single Family Residential,20991 Skylark Dr,Lake Forest,CA,92630,775000,3,2.5,LN - Lake Forest North,1662,4250,1987,22,466,57,Active,,,http://www.redfin.com/CA/Lake-Forest/20991-Skylark-Dr-92630/home/4817758,CRMLS,OC20087218,N,Y,33.6573773,-117.6741246
MLS Listing,,Single Family Residential,25 AVIGNON Ave,Lake Forest,CA,92610,895000,5,3.5,FH - Foothill Ranch,2800,4650,1992,23,320,85,Active,,,http://www.redfin.com/CA/Foothill-Ranch/25-Avignon-Ave-92610/home/4800253,CRMLS,OC20089098,N,Y,33.6848362,-117.6526288
MLS Listing,,Condo/Co-op,19431 Rue De Valore Unit 59C,Lake Forest,CA,92610,325000,1,1.0,FH - Foothill Ranch,692,,1990,23,470,389,Active,,,http://www.redfin.com/CA/Foothill-Ranch/19431-Rue-De-Valore-92610/unit-59C/home/7217096,CRMLS,OC20088658,N,Y,33.680392,-117.6536731
MLS Listing,,Mobile/Manufactured Home,24001 Muirlands Blvd #97,Lake Forest,CA,92630,205000,2,2.0,LS - Lake Forest South,1560,,1990,25,131,,Active,,,http://www.redfin.com/CA/Lake-Forest/24001-Muirlands-Blvd-92630/unit-97/home/5142032,CRMLS,OC20088152,N,Y,33.6369615,-117.7116636
MLS Listing,,Condo/Co-op,25885 Trabuco Rd #44,Lake Forest,CA,92630,380000,2,1.5,LN - Lake Forest North,1190,1,1979,25,319,375,Active,,,http://www.redfin.com/CA/Lake-Forest/25885-Trabuco-Rd-92630/unit-44/home/5242826,CRMLS,PW20087782,N,Y,33.6367496,-117.6774603
MLS Listing,,Single Family Residential,24692 Toledo Ln,Lake Forest,CA,92630,1450000,3,2.5,LS - Lake Forest South,2069,3390,1972,26,701,306,Active,,,http://www.redfin.com/CA/Lake-Forest/24692-Toledo-Ln-92630/home/4822639,CRMLS,OC20087257,N,Y,33.6440324,-117.7001432
MLS Listing,,Condo/Co-op,18982 Canyon Tree Dr #130,Lake Forest,CA,92679,424900,2,1.25,PH - Portola Hills,900,,1984,27,472,368,Active,,,http://www.redfin.com/CA/Trabuco-Canyon/18982-Canyon-Tree-Dr-92679/unit-130/home/5675061,CRMLS,OC20084713,N,Y,33.6861617,-117.6244825
MLS Listing,,Condo/Co-op,22742 Malaga Way,Lake Forest,CA,92630,409900,2,1.0,LS - Lake Forest South,873,,1974,27,470,330,Active,,,http://www.redfin.com/CA/Lake-Forest/22742-Malaga-Way-92630/home/5398550,CRMLS,OC20086208,N,Y,33.6329916,-117.6867275
MLS Listing,,Single Family Residential,21786 Tahoe Ln,Lake Forest,CA,92630,1449888,5,5.75,LS - Lake Forest South,3424,3750,1992,27,423,306,Active,,,http://www.redfin.com/CA/Lake-Forest/21786-Tahoe-Ln-92630/home/4822412,CRMLS,OC20086154,N,Y,33.6460149,-117.704737
MLS Listing,,Single Family Residential,23332 Cavanaugh Rd,Lake Forest,CA,92630,723500,4,2.0,LS - Lake Forest South,1500,7200,1968,27,482,,Active,,,http://www.redfin.com/CA/Lake-Forest/23332-Cavanaugh-Rd-92630/home/4834201,CRMLS,OC20085500,N,Y,33.623313,-117.7027208
MLS Listing,,Single Family Residential,25112 Mammoth Cir,Lake Forest,CA,92630,899000,5,3.0,LS - Lake Forest South,2881,6240,1977,29,312,91,Active,,,http://www.redfin.com/CA/Lake-Forest/25112-Mammoth-Cir-92630/home/4828096,CRMLS,OC20070397,N,Y,33.6440828,-117.6927309
MLS Listing,,Condo/Co-op,19431 Rue De Valore Unit 3A,Lake Forest,CA,92610,425000,2,2.0,FH - Foothill Ranch,1000,,1990,31,425,398,Active,,,http://www.redfin.com/CA/Foothill-Ranch/19431-Rue-De-Valore-92610/unit-3A/home/7212381,CRMLS,PW20083397,N,Y,33.680392,-117.6536731
MLS Listing,,Townhouse,22267 Vista Verde Dr,Lake Forest,CA,92630,429000,2,2.5,LS - Lake Forest South,1348,704,1979,33,318,549,Active,,,http://www.redfin.com/CA/Lake-Forest/22267-Vista-Verde-Dr-92630/home/4822076,CRMLS,TR20082161,N,Y,33.6396891,-117.7034391
MLS Listing,,Single Family Residential,25516 Willow Wood St,Lake Forest,CA,92630,724800,3,2.0,LS - Lake Forest South,1900,5280,1977,33,381,,Active,,,http://www.redfin.com/CA/Lake-Forest/25516-Willow-Wood-St-92630/home/4811873,CRMLS,OC20065255,N,Y,33.6243505,-117.6852044
MLS Listing,,Single Family Residential,22865 Ridge Route Ln,Lake Forest,CA,92630,699000,3,2.0,LS - Lake Forest South,1566,4493,1977,33,446,205,Active,,,http://www.redfin.com/CA/Lake-Forest/22865-Ridge-Rte-Ln-92630/home/4834990,CRMLS,OC20081898,N,Y,33.631254,-117.7020424
MLS Listing,,Single Family Residential,20 Cooper,Lake Forest,CA,92630,839900,3,2.5,BK - Baker Ranch,1658,2596,2015,34,507,212,Active,,,http://www.redfin.com/CA/Lake-Forest/20-Cooper-92630/home/112722097,CRMLS,OC20081093,N,Y,33.671536,-117.6830387
MLS Listing,,Single Family Residential,25521 Orchard Rim Ln,Lake Forest,CA,92630,839990,4,2.5,LN - Lake Forest North,2110,5610,1977,34,398,64,Active,,,http://www.redfin.com/CA/Lake-Forest/25521-Orchard-Rim-Ln-92630/home/4808678,CRMLS,OC20025953,N,Y,33.6502433,-117.6849404
MLS Listing,,Single Family Residential,21035 Barclay Ln,Lake Forest,CA,92630,1295000,4,3.0,LN - Lake Forest North,2814,9000,1990,35,460,120,Active,,,http://www.redfin.com/CA/Lake-Forest/21035-Barclay-Ln-92630/home/4817920,CRMLS,OC20079970,N,Y,33.6570559,-117.6638698
MLS Listing,,Townhouse,108 Agave,Lake Forest,CA,92630,700000,3,3.0,BK - Baker Ranch,1537,,2014,35,455,338,Active,,,http://www.redfin.com/CA/Lake-Forest/108-Agave-92630/home/112720202,CRMLS,OC20080394,N,Y,33.6686421,-117.6750861
MLS Listing,,Single Family Residential,24281 Bark St,Lake Forest,CA,92630,839000,6,3.0,Lake Forest South,2577,7254,1965,35,326,,Active,,,http://www.redfin.com/CA/Lake-Forest/24281-Bark-St-92630/home/4838858,TheMLS,20-574208,N,Y,33.6100727,-117.6956942
MLS Listing,,Condo/Co-op,38 Savannah,Lake Forest,CA,92630,715000,2,2.5,BK - Baker Ranch,1695,,2017,35,422,341,Active,,,http://www.redfin.com/CA/Lake-Forest/38-Savannah-92630/home/147069335,CRMLS,OC20080271,N,Y,33.6776493,-117.6794119
MLS Listing,,Single Family Residential,26092 Donegal Ln,Lake Forest,CA,92630,670000,3,2.5,LN - Lake Forest North,1419,3750,1985,35,472,70,Active,,,http://www.redfin.com/CA/Lake-Forest/26092-Donegal-Ln-92630/home/4816916,CRMLS,NP20080510,N,Y,33.6499736,-117.6757631
MLS Listing,,Single Family Residential,21725 Bellcroft Dr,Lake Forest,CA,92630,858000,5,3.0,LN - Lake Forest North,2598,6175,1985,39,330,78,Active,,,http://www.redfin.com/CA/Lake-Forest/21725-Bellcroft-Dr-92630/home/4814963,CRMLS,OC20057397,N,Y,33.6471778,-117.6757745
MLS Listing,,Mobile/Manufactured Home,24921 Muirlands Blvd #280,Lake Forest,CA,92630,95000,2,2.0,LS - Lake Forest South,1440,,1975,39,66,,Active,,,http://www.redfin.com/CA/Lake-Forest/24921-Muirlands-Blvd-92630/unit-280/home/5141243,CRMLS,OC20078070,N,Y,33.6214337,-117.6929295
MLS Listing,,Single Family Residential,1657 Sonora Creek Ln,Lake Forest,CA,92610,1108180,4,4.5,699 - Not Defined,2814,4132,2020,41,394,179,Active,,,http://www.redfin.com/CA/Lake-Forest/1657-Sonora-Creek-Ln-92679/home/171396039,CRMLS,OC20075940,N,Y,33.6689946,-117.6347293
MLS Listing,,Townhouse,28332 Boulder Dr #188,Lake Forest,CA,92679,589000,3,2.5,PH - Portola Hills,1228,2133,1990,41,480,220,Active,,,http://www.redfin.com/CA/Trabuco-Canyon/28332-Boulder-Dr-92679/unit-188/home/5353960,CRMLS,PW20077095,N,Y,33.6788978,-117.6364179
MLS Listing,,Single Family Residential,345 pinnacle Dr,Lake Forest,CA,92630,1277000,5,4.0,LN - Lake Forest North,3162,3910,2018,41,404,211,Active,,,http://www.redfin.com/CA/Lake-Forest/345-Pinnacle-Dr-92630/home/143156872,CRMLS,TR20077392,N,Y,33.669136,-117.6554204
MLS Listing,,Single Family Residential,125 Big Bend Way,Lake Forest,CA,92630,1299000,5,4.5,LN - Lake Forest North,3496,4125,2018,42,372,211,Active,,,http://www.redfin.com/CA/Lake-Forest/125-Big-Bend-Way-92630/home/143912492,CRMLS,TR20077267,N,Y,33.6677827,-117.655589
MLS Listing,,Single Family Residential,23901 Silverbay Dr,Lake Forest,CA,92630,759000,4,2.5,LS - Lake Forest South,1680,7350,1965,42,452,,Active,,,http://www.redfin.com/CA/Lake-Forest/23901-Silverbay-Dr-92630/home/4834087,CRMLS,OC20064722,N,Y,33.6157916,-117.7025826
MLS Listing,,Mobile/Manufactured Home,24922 Muirlands Blvd #48,Lake Forest,CA,92630,184000,4,2.0,LS - Lake Forest South,1248,,1972,42,147,,Active,,,http://www.redfin.com/CA/Lake-Forest/24922-Muirlands-Blvd-92630/unit-48/home/5788131,CRMLS,OC20076750,N,Y,33.6191132,-117.6953824
MLS Listing,,Single Family Residential,23601 Cavanaugh Rd,Lake Forest,CA,92630,745000,5,2.0,LS - Lake Forest South,2212,7800,1965,44,337,,Active,,,http://www.redfin.com/CA/Lake-Forest/23601-Cavanaugh-Rd-92630/home/4833329,CRMLS,AR20075949,N,Y,33.6199493,-117.7068678
MLS Listing,,Single Family Residential,19542 Dorado,Lake Forest,CA,92679,729000,3,2.5,PH - Portola Hills,1835,3392,1991,46,397,150,Active,,,http://www.redfin.com/CA/Trabuco-Canyon/19542-Dorado-Dr-92679/home/4806378,CRMLS,OC20071291,N,Y,33.67822,-117.629899
MLS Listing,,Single Family Residential,65 Zion Dr,Lake Forest,CA,92630,1245000,4,4.5,LN - Lake Forest North,3153,3795,2017,47,395,212,Active,,,http://www.redfin.com/CA/Lake-Forest/65-Zion-Dr-92630/home/143912588,CRMLS,TR20074134,N,Y,33.6679776,-117.6547515
MLS Listing,,Condo/Co-op,153 Alder Rdg,Lake Forest,CA,92610,704277,3,3.5,PH - Portola Hills,1800,,2019,47,391,428,Active,,,http://www.redfin.com/CA/Lake-Forest/153-Alder-RDG-92610/home/171361771,CRMLS,OC20072697,N,Y,33.6917217,-117.6610854
MLS Listing,,Single Family Residential,22738 Bayshore Ln,Lake Forest,CA,92630,924900,3,3.0,LS - Lake Forest South,1980,3360,1973,47,467,265,Active,,,http://www.redfin.com/CA/Lake-Forest/22738-Bayshore-Ln-92630/home/4835388,CRMLS,OC20067660,N,Y,33.632648,-117.706511
MLS Listing,,Single Family Residential,38 Bluebell,Lake Forest,CA,92630,928000,4,3.0,BK - Baker Ranch,2412,3306,2015,47,385,200,Active,,,http://www.redfin.com/CA/Lake-Forest/38-Bluebell-92630/home/58554173,CRMLS,OC20068403,N,Y,33.6714499,-117.6746288
MLS Listing,,Single Family Residential,23055 El Caballo St,Lake Forest,CA,92630,799900,4,2.0,LS - Lake Forest South,2185,7200,1970,48,366,,Active,,,http://www.redfin.com/CA/Lake-Forest/23055-El-Caballo-St-92630/home/4832577,CRMLS,OC20072991,N,Y,33.6272751,-117.6981842
MLS Listing,,Single Family Residential,385 Pinnacle Dr,Lake Forest,CA,92630,990000,5,4.0,BK - Baker Ranch,2667,3878,2018,54,371,212,Active,,,http://www.redfin.com/CA/Lake-Forest/385-Pinnacle-Dr-92630/home/143912545,CRMLS,OC20070782,N,Y,33.6694093,-117.6559739
MLS Listing,,Single Family Residential,21192 Cranbridge Dr,Lake Forest,CA,92630,684800,4,2.5,LN - Lake Forest North,1470,4400,1979,56,466,,Active,,,http://www.redfin.com/CA/Lake-Forest/21192-Cranbridge-Dr-92630/home/5112616,CRMLS,OC20070174,N,Y,33.6547524,-117.6570863
MLS Listing,,Condo/Co-op,526 Catalonia,Lake Forest,CA,92630,1062990,4,4.0,LN - Lake Forest North,2727,2196,2020,60,390,213,Active,,,http://www.redfin.com/CA/Lake-Forest/526-Catalonia-92630/home/171257482,CRMLS,CV20068243,N,Y,33.659937,-117.6831214
MLS Listing,,Townhouse,22917 Galaxy Ln #28,Lake Forest,CA,92630,548700,4,2.5,LS - Lake Forest South,1377,,1975,61,398,350,Active,,,http://www.redfin.com/CA/Lake-Forest/22917-Galaxy-Ln-92630/unit-28/home/5373619,CRMLS,OC20067768,N,Y,33.6304558,-117.686606
MLS Listing,,Condo/Co-op,21204 Jasmines Way,Lake Forest,CA,92630,509000,3,2.5,LN - Lake Forest North,1200,1000,1989,62,424,423,Active,,,http://www.redfin.com/CA/Lake-Forest/21204-Jasmines-Way-92630/home/5202599,CRMLS,OC20059843,N,Y,33.6552169,-117.68651
MLS Listing,,Single Family Residential,26 Sorrel,Lake Forest,CA,92630,1650000,5,5.5,BK - Baker Ranch,3850,5902,2017,62,429,158,Active,,,http://www.redfin.com/CA/Lake-Forest/26-Sorrel-92630/home/112722354,CRMLS,WS20067265,N,Y,33.672051,-117.6760976
MLS Listing,,Single Family Residential,22541 Hickory Pl,Lake Forest,CA,92630,779000,3,2.0,LS - Lake Forest South,1828,4784,1978,64,426,213,Active,,,http://www.redfin.com/CA/Lake-Forest/22541-Hickory-Pl-92630/home/4837556,CRMLS,OC20066104,N,Y,33.6358926,-117.704737
MLS Listing,,Mobile/Manufactured Home,24001 Muirlands Blvd #3,Lake Forest,CA,92630,129000,2,1.5,Lake Forest,1445,,1974,64,89,1050,Active,,,http://www.redfin.com/CA/Lake-Forest/24001-Muirlands-Blvd-92630/unit-3/home/5939048,CRMLS,200015203,N,Y,33.6387082,-117.7108514
MLS Listing,,Single Family Residential,1862 Aliso Canyon Dr,Lake Forest,CA,92610,1135869,5,4.0,PH - Portola Hills,2612,3660,2020,65,435,250,Active,,,http://www.redfin.com/CA/Lake-Forest/1862-Aliso-Canyon-Dr-92610/home/170581387,CRMLS,OC20065312,N,Y,33.67,-117.632182
MLS Listing,,Mobile/Manufactured Home,24701 Raymond Way #176,Lake Forest,CA,92630,249000,3,2.0,LS - Lake Forest South,1945,,1977,66,128,,Active,,,http://www.redfin.com/CA/Lake-Forest/24701-Raymond-Way-92630/unit-176/home/5908391,CRMLS,OC20064941,N,Y,33.6203842,-117.6978018
MLS Listing,,Single Family Residential,22911 Rumble Dr,Lake Forest,CA,92630,878000,5,3.0,699 - Not Defined,2490,6975,1969,67,353,105,Active,,,http://www.redfin.com/CA/Lake-Forest/22911-Rumble-Dr-92630/home/4818427,CRMLS,OC20064168,N,Y,33.6297258,-117.6916409
MLS Listing,,Condo/Co-op,28965 Canyon Oak,Lake Forest,CA,92679,425000,2,2.0,PH - Portola Hills,1061,,1986,74,401,368,Active,,,http://www.redfin.com/CA/Trabuco-Canyon/28965-Canyon-Oak-Dr-92679/home/5675405,CRMLS,OC20061152,N,Y,33.686889,-117.625459
MLS Listing,,Single Family Residential,28331 Quiet Hill Ln,Lake Forest,CA,92679,1095000,5,3.0,PH - Portola Hills,3122,7000,1990,75,351,145,Active,,,http://www.redfin.com/CA/Trabuco-Canyon/28331-Quiet-Hill-Ln-92679/home/4805344,CRMLS,OC20046508,N,Y,33.6811259,-117.6364481
MLS Listing,,Single Family Residential,22686 S Canada Ct,Lake Forest,CA,92630,1098000,4,3.0,LS - Lake Forest South,2364,3300,1976,76,464,265,Active,,,http://www.redfin.com/CA/Lake-Forest/22686-S-Canada-Ct-92630/home/4837078,CRMLS,SB20045273,N,Y,33.6336006,-117.7088645
MLS Listing,,Condo/Co-op,16 Poppy,Lake Forest,CA,92630,588000,2,2.0,BK - Baker Ranch,1225,,2016,76,480,339,Active,,,http://www.redfin.com/CA/Lake-Forest/16-Poppy-92610/home/58554500,CRMLS,IV20059490,N,Y,33.670146,-117.674817
MLS Listing,,Condo/Co-op,20702 El Toro Rd #24,Lake Forest,CA,92630,299900,1,1.0,LN - Lake Forest North,710,710,1980,77,422,357,Active,,,http://www.redfin.com/CA/Lake-Forest/20702-El-Toro-Rd-92630/unit-24/home/5654271,CRMLS,OC20058839,N,Y,33.6594547,-117.6500126
MLS Listing,,Single Family Residential,23332 La Vaca St,Lake Forest,CA,92630,744900,5,2.0,LS - Lake Forest South,1800,7800,1964,77,414,,Active,,,http://www.redfin.com/CA/Lake-Forest/23332-La-Vaca-St-92630/home/4832294,CRMLS,PW20058396,N,Y,33.6229894,-117.6995589
MLS Listing,,Single Family Residential,288 Bryce Run,Lake Forest,CA,92630,1188000,4,4.5,LN - Lake Forest North,3175,3831,2017,77,374,258,Active,,,http://www.redfin.com/CA/Lake-Forest/288-Bryce-Run-92630/home/143912674,CRMLS,OC20047573,N,Y,33.6669876,-117.6534579
MLS Listing,,Single Family Residential,24341 Blueridge Rd,Lake Forest,CA,92630,719900,4,2.5,LS - Lake Forest South,1906,6740,1971,78,378,106,Active,,,http://www.redfin.com/CA/Lake-Forest/24341-Blueridge-Rd-92630/home/4835511,CRMLS,EV20056534,N,Y,33.6272278,-117.7051265
MLS Listing,,Single Family Residential,23962 Dublin St,Lake Forest,CA,92630,689900,3,2.0,LS - Lake Forest South,1224,6240,1974,79,564,,Active,,,http://www.redfin.com/CA/Lake-Forest/23962-Dublin-St-92630/home/4837718,CRMLS,IG20053172,N,Y,33.6272063,-117.7117936
MLS Listing,,Single Family Residential,22632 Spring Lake Ln,Lake Forest,CA,92630,1250000,4,4.0,LS - Lake Forest South,2500,3750,2008,80,500,222,Active,,,http://www.redfin.com/CA/Lake-Forest/22632-Spring-Lake-Ln-92630/home/4837121,CRMLS,AR20056490,N,Y,33.634402,-117.706623
MLS Listing,,Single Family Residential,22756 Bayshore Ln,Lake Forest,CA,92630,1049800,3,2.25,LS - Lake Forest South,2039,3360,1976,81,515,265,Active,,,http://www.redfin.com/CA/Lake-Forest/22756-Bayshore-Ln-92630/home/4835400,CRMLS,OC20037631,N,Y,33.632378,-117.706883
MLS Listing,,Single Family Residential,24911 Singingwoods Dr,Lake Forest,CA,92630,910000,5,3.5,LS - Lake Forest South,3011,9583,1977,88,302,142,Active,,,http://www.redfin.com/CA/Lake-Forest/24911-Singingwoods-Dr-92630/home/4828886,CRMLS,OC20050596,N,Y,33.6376529,-117.6958013
MLS Listing,,Condo/Co-op,26286 Clover Gln #44,Lake Forest,CA,92630,565000,3,2.5,LN - Lake Forest North,1351,1400,1985,88,418,330,Active,,,http://www.redfin.com/CA/Lake-Forest/26286-Clover-Gln-92630/unit-44/home/5705212,CRMLS,SW20049844,N,Y,33.6597303,-117.6708445
MLS Listing,,Single Family Residential,14 Cooper,Lake Forest,CA,92630,859000,4,3.0,BK - Baker Ranch,1709,2735,2015,89,503,212,Active,,,http://www.redfin.com/CA/Lake-Forest/14-Cooper-92630/home/112722119,CRMLS,OC20017110,N,Y,33.6717218,-117.6829981
MLS Listing,,Single Family Residential,28805 Vista Aliso Rd,Lake Forest,CA,92679,745000,4,2.5,PH - Portola Hills,1823,4000,1987,89,409,144,Active,,,http://www.redfin.com/CA/Trabuco-Canyon/28805-Vista-Aliso-Rd-92679/home/4804744,CRMLS,OC20029234,N,Y,33.6883157,-117.6282954
MLS Listing,,Single Family Residential,21911 Winnebago Ln,Lake Forest,CA,92630,1578000,3,2.5,LS - Lake Forest South,2791,3600,1973,91,565,304,Active,,,http://www.redfin.com/CA/Lake-Forest/21911-Winnebago-Ln-92630/home/4822545,CRMLS,OC20045404,N,Y,33.6445998,-117.7030874
MLS Listing,,Single Family Residential,37 Lantana,Lake Forest,CA,92630,929000,4,3.0,BK - Baker Ranch,2076,3377,2014,91,447,200,Active,,,http://www.redfin.com/CA/Lake-Forest/37-Lantana-92630/home/58554155,CRMLS,NP20046365,N,Y,33.6710023,-117.6748121
MLS Listing,,Single Family Residential,57 Lilac,Lake Forest,CA,92630,1045000,4,3.0,BK - Baker Ranch,2062,3725,2016,91,507,212,Active,,,http://www.redfin.com/CA/Lake-Forest/57-Lilac-92630/home/112725398,CRMLS,OC20041060,N,Y,33.6720436,-117.6880785
MLS Listing,,Condo/Co-op,522 Catalonia,Lake Forest,CA,92630,998990,3,3.5,LN - Lake Forest North,2467,1766,2020,92,405,213,Active,,,http://www.redfin.com/CA/Lake-Forest/522-Catalonia-92630/home/170935800,CRMLS,CV20045580,N,Y,33.659937,-117.6831214
MLS Listing,,Single Family Residential,1850 Aliso Canyon Dr,Lake Forest,CA,92610,1152835,5,4.0,PH - Portola Hills,2612,3866,2020,92,441,250,Active,,,http://www.redfin.com/CA/Lake-Forest/1850-Aliso-Canyon-Dr-92610/home/170581388,CRMLS,OC20045544,N,Y,33.67,-117.632182
MLS Listing,,Single Family Residential,1841 Aliso Canyon Dr,Lake Forest,CA,92610,1046622,4,3.0,PH - Portola Hills,2492,3826,2020,92,420,250,Active,,,http://www.redfin.com/CA/Lake-Forest/1841-Aliso-Canyon-Dr-92610/home/170935380,CRMLS,OC20045529,N,Y,33.67,-117.632182
MLS Listing,,Single Family Residential,634 Athos,Lake Forest,CA,92630,1200990,5,4.0,LN - Lake Forest North,2637,3290,2020,96,455,213,Active,,,http://www.redfin.com/CA/Lake-Forest/634-Athos-92630/home/170681326,CRMLS,CV20043503,N,Y,33.6447519,-117.6845508
MLS Listing,,Single Family Residential,628 Athos,Lake Forest,CA,92630,1176990,4,3.0,LN - Lake Forest North,2638,3290,2020,96,446,213,Active,,,http://www.redfin.com/CA/Lake-Forest/628-Athos-92630/home/170681265,CRMLS,CV20043480,N,Y,33.6447519,-117.6845508
MLS Listing,,Townhouse,22273 Vista Verde Dr,Lake Forest,CA,92630,519900,3,2.5,LS - Lake Forest South,1576,924,1979,96,330,549,Active,,,http://www.redfin.com/CA/Lake-Forest/22273-Vista-Verde-Dr-92630/home/4822074,CRMLS,OC20042983,N,Y,33.639556,-117.703465
MLS Listing,,Single Family Residential,21072 Cranbridge Dr,Lake Forest,CA,92630,698000,4,3.0,LN - Lake Forest North,1644,4500,1980,96,425,,Active,,,http://www.redfin.com/CA/Lake-Forest/21072-Cranbridge-Dr-92630/home/5113170,CRMLS,OC20040977,N,Y,33.6563902,-117.6557342
MLS Listing,,Single Family Residential,19181 Willow Brook Ln,Lake Forest,CA,92679,1115000,4,2.5,PH - Portola Hills,3000,5000,1991,97,372,150,Active,,,http://www.redfin.com/CA/Trabuco-Canyon/19181-Willow-Brook-Ln-92679/home/4805615,CRMLS,OC20041693,N,Y,33.6833672,-117.6335143
MLS Listing,,Single Family Residential,22793 Islamare Ln,Lake Forest,CA,92630,799000,4,3.0,LS - Lake Forest South,2367,4300,1969,97,338,194,Active,,,http://www.redfin.com/CA/Lake-Forest/22793-Islamare-Ln-92630/home/4835256,CRMLS,PW20036632,N,Y,33.6323868,-117.7050578
MLS Listing,,Mobile/Manufactured Home,24701 Raymond Way #248,Lake Forest,CA,92630,147500,2,2.0,LS - Lake Forest South,1488,,1977,101,99,,Active,,,http://www.redfin.com/CA/Lake-Forest/24701-Raymond-Way-92630/unit-248/home/5788121,CRMLS,OC20039455,N,Y,33.6203842,-117.6978018
MLS Listing,,Single Family Residential,622 Athos,Lake Forest,CA,92630,1200990,5,4.0,LN - Lake Forest North,2685,3290,2020,101,447,213,Active,,,http://www.redfin.com/CA/Lake-Forest/622-Athos-92630/home/170633473,CRMLS,CV20038511,N,Y,33.6447519,-117.6845508
MLS Listing,,Condo/Co-op,532 Catalonia,Lake Forest,CA,92630,965990,3,3.5,LN - Lake Forest North,2308,1740,2020,102,419,213,Active,,,http://www.redfin.com/CA/Lake-Forest/532-Catalonia-92630/home/170623875,CRMLS,CV20038490,N,Y,33.6447519,-117.6845508
MLS Listing,,Single Family Residential,21335 Monterra,Lake Forest,CA,92630,849999,4,3.0,LN - Lake Forest North,2385,5500,1987,102,356,130,Active,,,http://www.redfin.com/CA/Lake-Forest/21335-Monterra-92630/home/4815662,CRMLS,CV20038409,N,Y,33.6530614,-117.6686249
MLS Listing,,Single Family Residential,11 Manzanillo,Lake Forest,CA,92630,1800000,4,4.5,BK - Baker Ranch,2807,4732,2016,103,641,165,Active,,,http://www.redfin.com/CA/Lake-Forest/11-Manzanillo-92630/home/112722687,CRMLS,CV20038163,N,Y,33.674254,-117.677337
MLS Listing,,Single Family Residential,23341 La Vaca St,Lake Forest,CA,92630,709900,3,2.0,LS - Lake Forest South,1412,8625,1964,105,503,,Active,,,http://www.redfin.com/CA/Lake-Forest/23341-La-Vaca-St-92630/home/4832334,CRMLS,PW20036044,N,Y,33.6232064,-117.7000468
MLS Listing,,Single Family Residential,275 Bryce Run,Lake Forest,CA,92630,1198000,4,4.0,LN - Lake Forest North,3342,3572,2017,111,358,261,Active,,,http://www.redfin.com/CA/Lake-Forest/275-Bryce-Run-92630/home/143912663,CRMLS,OC20031794,N,Y,33.6665002,-117.6542027
MLS Listing,,Townhouse,605 El Paseo,Lake Forest,CA,92610,665000,3,2.5,FH - Foothill Ranch,1681,,2015,117,396,237,Active,,,http://www.redfin.com/CA/LAKE-FOREST/605-EL-PASEO-92630/home/112729162,CRMLS,PW20021635,N,Y,33.676561042,-117.6615346
MLS Listing,,Mobile/Manufactured Home,24001 Muirlands Blvd #21,Lake Forest,CA,92630,148000,2,2.0,LS - Lake Forest South,1440,,1972,117,103,,Active,,,http://www.redfin.com/CA/Lake-Forest/24001-Muirlands-Blvd-92630/unit-21/home/45381647,CRMLS,OC20026813,N,Y,33.6369615,-117.7116636
MLS Listing,,Single Family Residential,36 Dogwood,Lake Forest,CA,92630,1495000,5,4.5,BK - Baker Ranch,3401,4604,2016,120,440,158,Active,,,http://www.redfin.com/CA/Lake-Forest/36-Dogwood-92630/home/58554275,CRMLS,OC20006390,N,Y,33.6698584,-117.6887951
MLS Listing,,Mobile/Manufactured Home,24921 Muirlands Blvd #209,Lake Forest,CA,92630,74900,2,2.0,LS - Lake Forest South,1440,,1974,125,52,,Active,,,http://www.redfin.com/CA/Lake-Forest/24921-Muirlands-Blvd-92630/unit-209/home/40101982,CRMLS,OC20020801,N,Y,33.6214337,-117.6929295
MLS Listing,,Single Family Residential,1871 Aliso Canyon Dr,Lake Forest,CA,92610,1119721,5,5.0,PH - Portola Hills,3099,4760,2020,126,361,250,Active,,,http://www.redfin.com/CA/Lake-Forest/1871-Aliso-Canyon-Dr-92610/home/170450366,CRMLS,OC20019836,N,Y,33.67,-117.632182
MLS Listing,,Single Family Residential,1773 Canyon Oaks Ln,Lake Forest,CA,92610,1159000,5,4.5,LN - Lake Forest North,3349,3836,2019,127,346,179,Active,,,http://www.redfin.com/CA/Lake-Forest/1773-Canyon-Oaks-Ln-92679/home/170269818,CRMLS,IG20018758,N,Y,33.668442,-117.634008
MLS Listing,,Single Family Residential,102 Summit Pointe,Lake Forest,CA,92630,1029000,4,4.0,LN - Lake Forest North,3016,4592,2010,134,341,190,Active,,,http://www.redfin.com/CA/Lake-Forest/102-Summit-Pt-92630/home/40101668,CRMLS,OC20013959,N,Y,33.654491,-117.6691661
MLS Listing,,Mobile/Manufactured Home,24921 Muirlands Blvd #299,Lake Forest,CA,92630,139900,2,2.0,LS - Lake Forest South,1720,,1975,135,81,,Active,,,http://www.redfin.com/CA/Lake-Forest/24921-Muirlands-Blvd-92630/unit-299/home/17494371,CRMLS,OC20013221,N,Y,33.6214337,-117.6929295
MLS Listing,,Single Family Residential,60 Fuchsia,Lake Forest,CA,92630,873000,4,3.0,BK - Baker Ranch,1709,2276,2016,138,511,200,Active,,,http://www.redfin.com/CA/Lake-Forest/60-Fuchsia-92610/home/112722468,CRMLS,OC20008012,N,Y,33.6722491,-117.6818359
MLS Listing,,Single Family Residential,19056 Woodland Way,Lake Forest,CA,92679,695000,3,3.0,PH - Portola Hills,1620,3850,1987,138,429,145,Active,,,http://www.redfin.com/CA/Trabuco-Canyon/19056-Woodland-Way-92679/home/4804286,CRMLS,OC20009853,N,Y,33.6852483,-117.6296535
MLS Listing,,Mobile/Manufactured Home,24921 Muirlands Blvd #236,Lake Forest,CA,92630,239900,3,2.0,LS - Lake Forest South,1608,,2019,141,149,,Active,,,http://www.redfin.com/CA/Lake-Forest/24921-Muirlands-Blvd-92630/unit-236/home/170488324,CRMLS,NP20008694,N,Y,33.6200066,-117.6934305
MLS Listing,,Single Family Residential,1557 Viejo Ridge Dr S,Lake Forest,CA,92610,1322382,5,5.25,PH - Portola Hills,3814,4693,2019,141,347,179,Active,,,http://www.redfin.com/CA/Lake-Forest/1557-Viejo-Ridge-DR-S-92610/home/169096825,CRMLS,OC20008143,N,Y,33.669711,-117.636065
MLS Listing,,Condo/Co-op,408 Echo Blue,Lake Forest,CA,92610,646996,3,2.5,PH - Portola Hills,1401,,2020,144,462,396,Active,,,http://www.redfin.com/CA/Foothill-Ranch/408-Echo-Blue-92610/unit-1105/home/170266699,CRMLS,OC20006512,N,Y,33.6917217,-117.6610854
MLS Listing,,Single Family Residential,1573 Viejo Ridge Dr S,Lake Forest,CA,92610,1275937,5,5.25,PH - Portola Hills,3580,4864,2020,146,356,179,Active,,,http://www.redfin.com/CA/Lake-Forest/1573-Viejo-Ridge-DR-S-92610/home/170232563,CRMLS,OC20004992,N,Y,33.6917217,-117.6610854
MLS Listing,,Single Family Residential,21842 Ticonderoga Ln,Lake Forest,CA,92630,1298000,3,3.0,LS - Lake Forest South,2364,3600,1975,166,549,304,Active,,,http://www.redfin.com/CA/Lake-Forest/21842-Ticonderoga-Ln-92630/home/4822500,CRMLS,OC19277750,N,Y,33.6454022,-117.7032707
MLS Listing,,Single Family Residential,68 Tavella Pl,Lake Forest,CA,92610,870000,5,2.5,FH - Foothill Ranch,2432,5940,1991,173,358,80,Active,,,http://www.redfin.com/CA/Foothill-Ranch/68-Tavella-Pl-92610/home/4798453,CRMLS,OC19280189,N,Y,33.6814547,-117.6592749
MLS Listing,,Mobile/Manufactured Home,24001 Muirlands Blvd #178,Lake Forest,CA,92630,169900,3,2.0,LS - Lake Forest South,1344,,1983,189,126,,Active,,,http://www.redfin.com/CA/Lake-Forest/24001-Muirlands-Blvd-92630/unit-178/home/5141924,CRMLS,OC19272215,N,Y,33.6369615,-117.7116636
MLS Listing,,Mobile/Manufactured Home,24001 Muirlands Blvd #135,Lake Forest,CA,92630,104900,2,2.0,LS - Lake Forest South,1040,,1974,196,101,,Active,,,http://www.redfin.com/CA/Lake-Forest/24001-Muirlands-Blvd-92630/unit-135/home/5141909,CRMLS,OC19268235,N,Y,33.6387082,-117.7108514
MLS Listing,,Single Family Residential,13 Ponte,Lake Forest,CA,92630,1351780,5,4.5,LN - Lake Forest North,3238,4423,2020,204,417,260,Active,,,http://www.redfin.com/CA/Lake-Forest/13-S-Pointe-Dr-92630/home/169776093,CRMLS,OC19262386,N,Y,33.6592409,-117.6874126
MLS Listing,,Single Family Residential,33 Dogwood,Lake Forest,CA,92630,1488000,5,4.5,BK - Baker Ranch,3401,4510,2015,214,438,159,Active,,,http://www.redfin.com/CA/Lake-Forest/33-Dogwood-92630/home/58554348,CRMLS,OC19255631,N,Y,33.6696069,-117.6883758
MLS Listing,,Mobile/Manufactured Home,24001 Muirlands  #103 #103,Lake Forest,CA,92630,225000,2,2.0,LN - Lake Forest North,1622,,2011,216,139,,Active,,,http://www.redfin.com/CA/Lake-Forest/24001-Muirlands-Blvd-92630/unit-103/home/51683543,CRMLS,OC19254255,N,Y,33.6369615,-117.7116636
MLS Listing,,Single Family Residential,5 Mesa Verde,Lake Forest,CA,92630,1050000,4,4.0,699 - Not Defined,2844,4000,2018,240,369,328,Active,,,http://www.redfin.com/CA/Lake-Forest/5-Mesa-Verde-Ln-92630/home/169290065,CRMLS,OC19236781,N,Y,33.6665147,-117.6523481
MLS Listing,,Single Family Residential,58 Acadia Ct,Lake Forest,CA,92630,1199000,5,4.5,LN - Lake Forest North,2895,3713,2018,242,414,211,Active,,,http://www.redfin.com/CA/Lake-Forest/58-Acadia-Ct-92630/home/143912524,CRMLS,TR19235867,N,Y,33.6684789,-117.6563154
MLS Listing,,Single Family Residential,21 Hollyhock,Lake Forest,CA,92630,1468800,6,5.0,BK - Baker Ranch,4000,5100,2015,257,367,159,Active,,,http://www.redfin.com/CA/Lake-Forest/21-Hollyhock-92630/home/58554317,CRMLS,OC19221286,N,Y,33.6704398,-117.6861319
MLS Listing,,Multi-Family (2-4 Unit),24511 Bendricon Ln,Lake Forest,CA,92630,1795000,9,5.0,LS - Lake Forest South,4565,9583,1977,336,393,,Active,,,http://www.redfin.com/CA/Lake-Forest/24511-Bendricon-Ln-92630/home/4837881,CRMLS,OC19156838,N,Y,33.6235167,-117.7017126
MLS Listing,,Condo/Co-op,207 Mountain Sage,Lake Forest,CA,92610,762892,4,3.5,PH - Portola Hills,2346,,2019,336,325,455,Active,,,http://www.redfin.com/CA/Foothill-Ranch/207-Mountain-Sage-92610/home/167170094,CRMLS,OC19156213,N,Y,33.6917217,-117.6610854
MLS Listing,,Single Family Residential,5597 Heritage Oak Dr,Trabuco Canyon,CA,92679,1420995,3,5.5,TC - Trabuco Canyon,4146,5817,2019,452,343,343,Active,,,http://www.redfin.com/CA/Lake-Forest/5597-Sleeping-Oak-Dr-92679/home/160623523,CRMLS,OC19052823,N,Y,33.6816572,-117.62361
MLS Listing,,Single Family Residential,5577 Heritage Oak Dr,Trabuco Canyon,CA,92679,1397995,3,5.5,TC - Trabuco Canyon,4146,5913,2019,452,337,343,Active,,,http://www.redfin.com/CA/Lake-Forest/5577-Sleeping-Oak-Dr-92679/home/160623521,CRMLS,OC19052809,N,Y,33.6816572,-117.62361
MLS Listing,,Single Family Residential,5587 Heritage Oak Dr,Trabuco Canyon,CA,92679,1314995,3,3.5,TC - Trabuco Canyon,3569,5690,2019,452,368,343,Active,,,http://www.redfin.com/CA/Lake-Forest/5587-Sleeping-Oak-Dr-92679/home/160622385,CRMLS,OC19052648,N,Y,33.6816572,-117.62361
MLS Listing,,Single Family Residential,5567 Heritage Oak Dr,Trabuco Canyon,CA,92679,1307995,3,3.5,TC - Trabuco Canyon,3569,5758,2019,452,366,343,Active,,,http://www.redfin.com/CA/Lake-Forest/5567-Sleeping-Oak-Dr-92679/home/160621642,CRMLS,OC19048788,N,Y,33.6816572,-117.62361
MLS Listing,,Single Family Residential,24092 Landisview Ave,Lake Forest,CA,92630,669999,3,2.0,LS - Lake Forest South,1200,7440,1970,466,558,,Active,,,http://www.redfin.com/CA/Lake-Forest/24092-Landisview-Ave-92630/home/4832165,CRMLS,PW19040528,N,Y,33.6131669,-117.7007526
MLS Listing,,Single Family Residential,1022 Summit Oak Dr,Lake Forest,CA,92679,1790995,5,4.5,PH - Portola Hills,5106,6330,2018,566,351,350,Active,,,http://www.redfin.com/CA/Trabuco-Canyon/1022-Summit-Oak-Dr-92679/home/169584276,CRMLS,OC18273445,N,Y,33.674252,-117.636852
MLS Listing,,Condo/Co-op,23298 Orange ave #2 Ave #2,Lake Forest,CA,92630,314900,1,1.0,LS - Lake Forest South,685,,1980,659,460,310,Active,,,http://www.redfin.com/CA/Lake-Forest/23298-Orange-Ave-92630/unit-2/home/5597001,CRMLS,OC18155054,N,Y,33.6231132,-117.6918378
New Construction Home,,Townhouse,158 Alder Rdg,Lake Forest,CA,92610,724539,3,3.5,Copperleaf at IronRidge,1800,,2020,3,403,,Active,,,http://www.redfin.com/CA/Lake-Forest/158-Alder-RDG-92610/home/171949721,NewHomeSource.com,1885620,N,Y,33.66988,-117.634504
New Construction Home,,Single Family Residential,12 Alessio,Lake Forest,CA,92630,1376484,4,4.5,Teresina,3257,,2020,4,423,,Active,,,http://www.redfin.com/CA/Lake-Forest/12-Alessio-92630/home/171943538,NewHomeSource.com,1885034,N,Y,33.644752,-117.684551
New Construction Home,,Single Family Residential,14 Alessio,Lake Forest,CA,92630,1351780,4,4.5,Teresina,3238,,2020,4,417,,Active,,,http://www.redfin.com/CA/Lake-Forest/14-Alessio-92630/home/171943537,NewHomeSource.com,1885035,N,Y,33.644752,-117.684551
New Construction Home,,Single Family Residential,1847 Aliso Canyon Dr,Lake Forest,CA,92610,1113162,5,5.0,Brookhaven at IronRidge,3099,,2020,18,359,,Active,,,http://www.redfin.com/CA/Lake-Forest/1847-Aliso-Canyon-Dr-92610/home/171799465,NewHomeSource.com,1879618,N,Y,33.67,-117.632182
New Construction Home,,Townhouse,156 Alder Rdg,Lake Forest,CA,92610,814181,4,3.5,Copperleaf at IronRidge,2115,,2020,20,385,,Active,,,http://www.redfin.com/CA/Lake-Forest/156-Alder-RDG-92610/home/171687642,NewHomeSource.com,1878324,N,Y,33.66988,-117.634504
New Construction Home,,Single Family Residential,162 Alder Rdg,Lake Forest,CA,92610,764803,4,3.5,Copperleaf at IronRidge,2319,,2020,95,330,,Active,,,http://www.redfin.com/CA/Lake-Forest/162-Alder-RDG-92610/home/170699602,NewHomeSource.com,1832216,N,Y,33.66988,-117.634504
New Construction Home,,Townhouse,401 Echo Blue,Lake Forest,CA,92610,647587,2,2.5,Silveroak at IronRidge,1401,,2020,95,462,,Active,,,http://www.redfin.com/CA/Foothill-Ranch/401-Echo-Blue-92610/home/170699599,NewHomeSource.com,1832217,N,Y,33.673918,-117.642293
New Construction Home,,Single Family Residential,1554 Viejo Ridge Dr S,Lake Forest,CA,92610,1360234,5,5.5,Windstone at IronRidge,3580,,2020,150,380,,Active,,,http://www.redfin.com/CA/Lake-Forest/1554-Viejo-Ridge-DR-S-92610/home/170211958,NewHomeSource.com,1793555,N,Y,33.669711,-117.636065
New Construction Plan,,Townhouse,Plan Three,Lake Forest,CA,92610,655000,3,2.5,Silveroak at IronRidge,1693,,,,387,,Active,,,http://www.redfin.com/CA/Lake-Forest/Silveroak-at-IronRidge/Plan-Three/home/169289671,NewHomeSource.com,Plan-121586594,N,Y,33.6710126,-117.6341038
New Construction Plan,,Single Family Residential,Residence Two,Lake Forest,CA,92610,1082775,5,4.5,Highmark at Ironridge,3151,,,,344,,Active,,,http://www.redfin.com/CA/Lake-Forest/Highmark-at-Ironridge/Residence-Two/home/171085248,NewHomeSource.com,Plan-121460586,N,Y,33.669671,-117.661085
New Construction Plan,,Single Family Residential,Residence One,Lake Forest,CA,92610,1108180,4,4.5,Highmark at Ironridge,2814,,,,394,,Active,,,http://www.redfin.com/CA/Lake-Forest/Highmark-at-Ironridge/Residence-One/home/171400085,NewHomeSource.com,Plan-121460587,N,Y,33.669671,-117.661085
New Construction Plan,,Single Family Residential,Plan 6 Y,Lake Forest,CA,92610,755000,4,3.5,Copperleaf at IronRidge,2319,,,,326,,Active,,,http://www.redfin.com/CA/Lake-Forest/Copperleaf-at-IronRidge/Plan-6-Y/home/170399180,NewHomeSource.com,Plan-121763685,N,Y,33.669906,-117.6347157
New Construction Plan,,Single Family Residential,Windstone Plan 3,Lake Forest,CA,92610,1284990,5,5.5,Windstone at IronRidge,3814,,,,337,,Active,,,http://www.redfin.com/CA/Lake-Forest/Windstone-at-IronRidge/Windstone-Plan-3/home/144318786,NewHomeSource.com,Plan-121437971,N,Y,33.669711,-117.636065
New Construction Plan,,Single Family Residential,Plan 3,Lake Forest,CA,92610,1049990,5,4.0,Brookhaven at IronRidge,3099,,,,339,,Active,,,http://www.redfin.com/CA/Lake-Forest/Brookhaven-at-IronRidge/Plan-3/home/144329485,NewHomeSource.com,Plan-121452088,N,Y,33.67,-117.632182
New Construction Plan,,Single Family Residential,Residence 8,Trabuco Canyon,CA,92679,1663995,6,5.5,The Oaks at Portola Hills,4754,,,,350,,Active,,,http://www.redfin.com/CA/Trabuco-Canyon/The-Oaks-at-Portola-Hills/Residence-8/home/169864681,NewHomeSource.com,Plan-111295343,N,Y,33.6742521,-117.6368516
New Construction Plan,,Single Family Residential,Residence 7,Trabuco Canyon,CA,92679,1639995,6,6.5,The Oaks at Portola Hills,4432,,,,370,,Active,,,http://www.redfin.com/CA/Trabuco-Canyon/The-Oaks-at-Portola-Hills/Residence-7/home/169864682,NewHomeSource.com,Plan-111295342,N,Y,33.6742521,-117.6368516
New Construction Plan,,Single Family Residential,Residence 6,Trabuco Canyon,CA,92679,1550995,5,4.5,The Oaks at Portola Hills,3750,,,,414,,Active,,,http://www.redfin.com/CA/Trabuco-Canyon/The-Oaks-at-Portola-Hills/Residence-6/home/169864683,NewHomeSource.com,Plan-111295341,N,Y,33.6742521,-117.6368516
New Construction Plan,,Single Family Residential,Plan 4X,Lake Forest,CA,92630,1599426,4,4.5,Teresina,4329,,,,369,,Active,,,http://www.redfin.com/CA/Lake-Forest/Teresina/Plan-4X/home/169878847,NewHomeSource.com,Plan-111640231,N,Y,33.6592409,-117.6874126
New Construction Plan,,Single Family Residential,Plan 2X,Lake Forest,CA,92630,1375000,5,5.5,Teresina,3559,,,,386,,Active,,,http://www.redfin.com/CA/Lake-Forest/Teresina/Plan-2X/home/169878849,NewHomeSource.com,Plan-111640230,N,Y,33.6592409,-117.6874126
New Construction Plan,,Single Family Residential,Plan 1X,Lake Forest,CA,92630,1353150,4,4.5,Teresina,3811,,,,355,,Active,,,http://www.redfin.com/CA/Lake-Forest/Teresina/Plan-1X/home/169878850,NewHomeSource.com,Plan-111640229,N,Y,33.6592409,-117.6874126
New Construction Plan,,Single Family Residential,Plan 4,Lake Forest,CA,92630,1437020,4,4.5,Teresina,3679,,,,391,,Active,,,http://www.redfin.com/CA/Lake-Forest/Teresina/Plan-4/home/169878851,NewHomeSource.com,Plan-111640228,N,Y,33.6592409,-117.6874126
New Construction Plan,,Townhouse,Plan 6,Lake Forest,CA,92610,735000,4,3.5,Copperleaf at IronRidge,2346,,,,313,,Active,,,http://www.redfin.com/CA/Lake-Forest/Copperleaf-at-IronRidge/Plan-6/home/169890183,NewHomeSource.com,Plan-111550068,N,Y,33.669906,-117.6347157
New Construction Plan,,Single Family Residential,Plan 3,Lake Forest,CA,92630,1330000,4,4.5,Teresina,3517,,,,378,,Active,,,http://www.redfin.com/CA/Lake-Forest/Teresina/Plan-3/home/169878852,NewHomeSource.com,Plan-111640227,N,Y,33.6592409,-117.6874126
New Construction Plan,,Townhouse,Plan 5,Lake Forest,CA,92610,768000,4,3.5,Copperleaf at IronRidge,2115,,,,363,,Active,,,http://www.redfin.com/CA/Lake-Forest/Copperleaf-at-IronRidge/Plan-5/home/169899929,NewHomeSource.com,Plan-111550067,N,Y,33.669906,-117.6347157
New Construction Plan,,Single Family Residential,Residence 4,Trabuco Canyon,CA,92679,1401995,6,4.5,The Oaks at Portola Hills,4146,,,,338,,Active,,,http://www.redfin.com/CA/Trabuco-Canyon/The-Oaks-at-Portola-Hills/Residence-4/home/169864684,NewHomeSource.com,Plan-111295336,N,Y,33.6742521,-117.6368516
New Construction Plan,,Single Family Residential,Plan 1,Lake Forest,CA,92630,1280150,4,4.5,Teresina,3238,,,,395,,Active,,,http://www.redfin.com/CA/Lake-Forest/Teresina/Plan-1/home/169878853,NewHomeSource.com,Plan-111640226,N,Y,33.6592409,-117.6874126
New Construction Plan,,Townhouse,Plan 4,Lake Forest,CA,92610,718000,3,3.5,Copperleaf at IronRidge,2073,,,,346,,Active,,,http://www.redfin.com/CA/Lake-Forest/Copperleaf-at-IronRidge/Plan-4/home/169863507,NewHomeSource.com,Plan-111550066,N,Y,33.669906,-117.6347157
New Construction Plan,,Single Family Residential,Plan 2,Lake Forest,CA,92630,1307000,5,5.5,Teresina,3257,,,,401,,Active,,,http://www.redfin.com/CA/Lake-Forest/Teresina/Plan-2/home/169878854,NewHomeSource.com,Plan-111640225,N,Y,33.6592409,-117.6874126
New Construction Plan,,Townhouse,Plan 3,Lake Forest,CA,92610,699000,3,3.5,Copperleaf at IronRidge,1800,,,,388,,Active,,,http://www.redfin.com/CA/Lake-Forest/Copperleaf-at-IronRidge/Plan-3/home/169899930,NewHomeSource.com,Plan-111550065,N,Y,33.669906,-117.6347157
New Construction Plan,,Single Family Residential,Plan 3X,Lake Forest,CA,92630,1510330,4,4.5,Teresina,4095,,,,369,,Active,,,http://www.redfin.com/CA/Lake-Forest/Teresina/Plan-3X/home/169878855,NewHomeSource.com,Plan-111640224,N,Y,33.6592409,-117.6874126
New Construction Plan,,Single Family Residential,Residence 3,Trabuco Canyon,CA,92679,1317995,5,5.5,The Oaks at Portola Hills,3727,,,,354,,Active,,,http://www.redfin.com/CA/Trabuco-Canyon/The-Oaks-at-Portola-Hills/Residence-3/home/169864685,NewHomeSource.com,Plan-111295333,N,Y,33.6742521,-117.6368516
New Construction Plan,,Single Family Residential,Residence 2,Trabuco Canyon,CA,92679,1305995,5,3.5,The Oaks at Portola Hills,3569,,,,366,,Active,,,http://www.redfin.com/CA/Trabuco-Canyon/The-Oaks-at-Portola-Hills/Residence-2/home/169864686,NewHomeSource.com,Plan-111295328,N,Y,33.6742521,-117.6368516
New Construction Plan,,Single Family Residential,Residence 1,Trabuco Canyon,CA,92679,1573995,6,4.5,The Oaks at Portola Hills,3867,,,,407,,Active,,,http://www.redfin.com/CA/Trabuco-Canyon/The-Oaks-at-Portola-Hills/Residence-1/home/169864687,NewHomeSource.com,Plan-111295327,N,Y,33.6742521,-117.6368516
